<?xml version="1.0" encoding="utf-8"?>
<data-map project-version="3.0">
	<property name="defaultPackage" value="br.gov.tredf.tresaudeAdm.bean"/>
	<property name="defaultSchema" value="ADMTREMAISSAUDE"/>
	<db-entity name="BENEFICIARIO" schema="ADMTREMAISSAUDE">
		<db-attribute name="CARENCIA" type="VARCHAR" length="1"/>
		<db-attribute name="COD_DEPEND" type="INTEGER" isMandatory="true" length="5"/>
		<db-attribute name="COD_SIT_FUNC" type="INTEGER" isMandatory="true" length="2"/>
		<db-attribute name="COD_TIPO_DEPEND" type="INTEGER" length="3"/>
		<db-attribute name="DAT_CARENCIA" type="TIMESTAMP" length="7"/>
		<db-attribute name="DAT_FIM" type="TIMESTAMP" length="7"/>
		<db-attribute name="DAT_INICIO" type="TIMESTAMP" isMandatory="true" length="7"/>
		<db-attribute name="DAT_NASC" type="TIMESTAMP" length="7"/>
		<db-attribute name="DAT_ULT_ATUAL" type="TIMESTAMP" isMandatory="true" length="7"/>
		<db-attribute name="EXCLUIDO" type="VARCHAR" length="1"/>
		<db-attribute name="E_MAIL" type="VARCHAR" length="50"/>
		<db-attribute name="FUNCAO" type="VARCHAR" length="15"/>
		<db-attribute name="MAT_SERVIDOR" type="VARCHAR" isPrimaryKey="true" isMandatory="true" length="8"/>
		<db-attribute name="NOME" type="VARCHAR" isPrimaryKey="true" isMandatory="true" length="60"/>
		<db-attribute name="SALDO" type="FLOAT" length="126"/>
		<db-attribute name="SEXO" type="CHAR" isMandatory="true" length="1"/>
		<db-attribute name="SUSPENSO" type="VARCHAR" length="1"/>
		<db-attribute name="UF" type="CHAR" isMandatory="true" length="2"/>
	</db-entity>
	<db-entity name="CREDENCIADO" schema="ADMTREMAISSAUDE">
		<db-attribute name="COD_CREDENCIADO" type="INTEGER" isPrimaryKey="true" isMandatory="true" length="22"/>
		<db-attribute name="COD_INSTITUICAO" type="INTEGER" isMandatory="true" length="22"/>
		<db-attribute name="COD_TABELA" type="INTEGER" isMandatory="true" length="3"/>
		<db-attribute name="CONTRATO_REVOGADO" type="INTEGER" isMandatory="true" length="1"/>
		<db-attribute name="DAT_SAIDA" type="TIMESTAMP"/>
		<db-attribute name="DAT_ULT_ATUAL" type="TIMESTAMP" isMandatory="true" length="7"/>
		<db-attribute name="DAT_VALIDADE_CONTRATO" type="TIMESTAMP" length="7"/>
		<db-attribute name="NUM_CONTRATO" type="VARCHAR" length="20"/>
	</db-entity>
	<db-entity name="CREDENCIADO_AUTORIZADO" schema="ADMTREMAISSAUDE">
		<db-attribute name="BLOQUEADO" type="INTEGER" isMandatory="true" length="1"/>
		<db-attribute name="COD_CREDENCIADO" type="INTEGER" isPrimaryKey="true" isMandatory="true" length="22"/>
		<db-attribute name="COD_CREDENCIADO_LOGIN" type="INTEGER" length="22"/>
		<db-attribute name="DAT_ULT_ATUAL" type="TIMESTAMP" isMandatory="true" length="7"/>
		<db-attribute name="PERFIL" type="CHAR" isMandatory="true" length="3"/>
		<db-attribute name="SENHA_MD5" type="VARCHAR" isMandatory="true" length="32"/>
		<db-attribute name="SENHA_MD5_LOGIN" type="VARCHAR" length="32"/>
	</db-entity>
	<db-entity name="ESPECIALIDADE" schema="ADMTREMAISSAUDE">
		<db-attribute name="COD_ESPECIALIDADE" type="INTEGER" isPrimaryKey="true" isMandatory="true" length="3"/>
		<db-attribute name="NOM_ESPECIALIDADE" type="VARCHAR" length="70"/>
		<db-attribute name="TIP_ESPECIALIDADE" type="VARCHAR" length="1"/>
	</db-entity>
	<db-entity name="GUIA" schema="ADMTREMAISSAUDE">
		<db-attribute name="ANO_EXERCICIO" type="CHAR" isPrimaryKey="true" isMandatory="true" length="4"/>
		<db-attribute name="COD_AUXILIAR" type="INTEGER" length="2"/>
		<db-attribute name="COD_CREDENCIADO" type="INTEGER" length="22"/>
		<db-attribute name="COD_DEPEND" type="INTEGER" length="5"/>
		<db-attribute name="COD_ESPECIALIDADE" type="INTEGER" length="3"/>
		<db-attribute name="COD_ORIGEM_GUIA" type="INTEGER" isMandatory="true" length="2"/>
		<db-attribute name="COD_SITUACAO" type="INTEGER" length="3"/>
		<db-attribute name="COD_SIT_FUNC_TITULAR" type="INTEGER" isMandatory="true" length="2"/>
		<db-attribute name="COD_TIP_GUIA" type="INTEGER" isPrimaryKey="true" isMandatory="true" length="10"/>
		<db-attribute name="COD_USUARIO_AUTORIZA" type="VARCHAR" length="20"/>
		<db-attribute name="COD_USUARIO_SOLICITACAO_WEB" type="VARCHAR" length="40"/>
		<db-attribute name="CUSTEIO" type="DECIMAL" isMandatory="true" length="5" scale="2"/>
		<db-attribute name="DATA_AUTORIZACAO_TRE" type="TIMESTAMP"/>
		<db-attribute name="DATA_SOLICITACAO_WEB" type="TIMESTAMP"/>
		<db-attribute name="DAT_EMISSAO" type="TIMESTAMP" isMandatory="true" length="7"/>
		<db-attribute name="DAT_FATURA" type="TIMESTAMP" length="7"/>
		<db-attribute name="FUNCAO" type="VARCHAR" length="15"/>
		<db-attribute name="IND_APARTAMENTO" type="INTEGER" isMandatory="true" length="1"/>
		<db-attribute name="IND_DESPESA_HOSPITALAR" type="INTEGER" isMandatory="true" length="1"/>
		<db-attribute name="IND_INTERNACAO" type="INTEGER" isMandatory="true" length="1"/>
		<db-attribute name="IND_PAG_ATEND" type="INTEGER" isMandatory="true" length="1"/>
		<db-attribute name="IND_URGENCIA" type="INTEGER" isMandatory="true" length="1"/>
		<db-attribute name="JUSTIFICATIVA" type="VARCHAR" length="4000"/>
		<db-attribute name="MAT_SERVIDOR" type="VARCHAR" isMandatory="true" length="8"/>
		<db-attribute name="MAT_SERVIDOR_AUTORIZA" type="VARCHAR" length="40"/>
		<db-attribute name="NUM_FATURA" type="VARCHAR" length="15"/>
		<db-attribute name="NUM_GUIA" type="INTEGER" isPrimaryKey="true" isMandatory="true" length="10"/>
		<db-attribute name="OBS_DESPESA" type="VARCHAR" length="4000"/>
		<db-attribute name="TOTAL" type="FLOAT" isMandatory="true" length="126"/>
		<db-attribute name="TOTAL_FATURADO" type="FLOAT" length="126"/>
		<db-attribute name="USUARIO_AUTORIZACAO_TRE" type="VARCHAR" length="40"/>
		<db-key-generator>
			<db-generator-type>ORACLE</db-generator-type>
			<db-generator-name>SEQNUM_GUIA</db-generator-name>
			<db-key-cache-size>1</db-key-cache-size>
		</db-key-generator>
	</db-entity>
	<db-entity name="GUIA_PROCEDIMENTO" schema="ADMTREMAISSAUDE">
		<db-attribute name="ANO_EXERCICIO" type="CHAR" isPrimaryKey="true" isMandatory="true" length="4"/>
		<db-attribute name="COD_PROCEDIMENTO" type="VARCHAR" isPrimaryKey="true" isMandatory="true" length="15"/>
		<db-attribute name="COD_TABELA" type="INTEGER" length="3"/>
		<db-attribute name="COD_TIP_GUIA" type="INTEGER" isPrimaryKey="true" isMandatory="true" length="10"/>
		<db-attribute name="NUM_GUIA" type="INTEGER" length="10"/>
		<db-attribute name="QTDE" type="INTEGER" length="3"/>
		<db-attribute name="VALOR" type="FLOAT" length="126"/>
		<db-attribute name="VALORCALC" type="FLOAT" length="126"/>
		<db-attribute name="VIA_ACESSO" type="INTEGER"/>
		<db-attribute name="VIDEO" type="INTEGER" length="1"/>
	</db-entity>
	<db-entity name="INSTITUICAO" schema="ADMTREMAISSAUDE">
		<db-attribute name="CD" type="VARCHAR" length="5"/>
		<db-attribute name="CD_BCO" type="VARCHAR" length="3"/>
		<db-attribute name="CGC_CPF" type="VARCHAR" length="18"/>
		<db-attribute name="COD_INSTITUICAO" type="INTEGER" isPrimaryKey="true" isMandatory="true" length="22"/>
		<db-attribute name="DAT_ULT_ATUAL" type="TIMESTAMP" isMandatory="true" length="7"/>
		<db-attribute name="DES_ENDERECO" type="VARCHAR" length="70"/>
		<db-attribute name="EMAIL" type="VARCHAR" length="70"/>
		<db-attribute name="NOM_CIDADE" type="VARCHAR" length="50"/>
		<db-attribute name="NOM_INSTITUICAO" type="VARCHAR" isMandatory="true" length="60"/>
		<db-attribute name="NUM_CEP" type="VARCHAR" length="10"/>
		<db-attribute name="NUM_CONTA_CORRENTE" type="VARCHAR" length="12"/>
		<db-attribute name="NUM_FAX" type="VARCHAR" length="15"/>
		<db-attribute name="NUM_TEL1" type="VARCHAR" length="15"/>
		<db-attribute name="NUM_TEL2" type="VARCHAR" length="15"/>
		<db-attribute name="SGL_INSTITUICAO" type="VARCHAR" length="15"/>
		<db-attribute name="SGL_UF" type="VARCHAR" length="2"/>
		<db-attribute name="TIP_MEDICA" type="INTEGER" isMandatory="true" length="1"/>
		<db-attribute name="TIP_ODONTO" type="INTEGER" isMandatory="true" length="1"/>
	</db-entity>
	<db-entity name="ORIGEM_GUIA" schema="ADMTREMAISSAUDE">
		<db-attribute name="COD_ORIGEM_GUIA" type="INTEGER" isPrimaryKey="true" isMandatory="true" length="2"/>
		<db-attribute name="NOM_ORIGEM_GUIA" type="VARCHAR" length="15"/>
	</db-entity>
	<db-entity name="PARAMETROS" schema="ADMTREMAISSAUDE">
		<db-attribute name="DAT_LIMITE_REEMBOLSO" type="VARCHAR" length="4"/>
		<db-attribute name="DAT_LIMITE_REQUISITADO" type="VARCHAR" length="4"/>
		<db-attribute name="EXERCICIO_VIRGENTE" type="INTEGER" length="4"/>
		<db-attribute name="PRAZO_APRES_FATURA" type="INTEGER" length="10"/>
		<db-attribute name="PRAZO_CADASTRO" type="INTEGER" length="10"/>
		<db-attribute name="PRAZO_PAGTO_FATURA" type="INTEGER" length="10"/>
	</db-entity>
	<db-entity name="PROCEDIMENTO" schema="ADMTREMAISSAUDE">
		<db-attribute name="COD_ESPECIALIDADE" type="INTEGER" length="3"/>
		<db-attribute name="COD_PORTE" type="INTEGER" length="10"/>
		<db-attribute name="COD_PROCEDIMENTO" type="VARCHAR" isPrimaryKey="true" isMandatory="true" length="15"/>
		<db-attribute name="COD_TABELA" type="INTEGER" isPrimaryKey="true" isMandatory="true" length="3"/>
		<db-attribute name="CONSULTA" type="INTEGER"/>
		<db-attribute name="DETALHA_PROCED" type="INTEGER" length="1"/>
		<db-attribute name="IND_EXCECAO" type="INTEGER" length="1"/>
		<db-attribute name="NOM_PROCEDIMENTO" type="VARCHAR" isMandatory="true" length="260"/>
		<db-attribute name="PROCEDIMENTO_ATIVO" type="INTEGER" length="1"/>
		<db-attribute name="QTD_AUXILIAR" type="INTEGER" length="3"/>
		<db-attribute name="REQUER_AUTORIZACAO" type="INTEGER" length="1"/>
		<db-attribute name="REQUER_ESPECIALIDADE" type="INTEGER" length="1"/>
		<db-attribute name="VALOR_PROCEDIMENTO" type="FLOAT" isMandatory="true" length="126"/>
	</db-entity>
	<db-entity name="PROCEDIMENTO_AUTORIZADO" schema="ADMTREMAISSAUDE">
		<db-attribute name="COD_PROCEDIMENTO" type="VARCHAR" isPrimaryKey="true" isMandatory="true" length="15"/>
		<db-attribute name="COD_TABELA" type="INTEGER" isPrimaryKey="true" isMandatory="true" length="3"/>
		<db-attribute name="DAT_ULT_ATUAL" type="TIMESTAMP" isMandatory="true" length="7"/>
	</db-entity>
	<db-entity name="SITUACAO" schema="ADMTREMAISSAUDE">
		<db-attribute name="COD_SITUACAO" type="INTEGER" isPrimaryKey="true" isMandatory="true" length="3"/>
		<db-attribute name="NOM_SITUACAO" type="VARCHAR" length="15"/>
	</db-entity>
	<db-entity name="SITUACAO_FUNCIONAL" schema="ADMTREMAISSAUDE">
		<db-attribute name="COD_SIT_FUNC" type="INTEGER" isPrimaryKey="true" isMandatory="true" length="2"/>
		<db-attribute name="DAT_ULT_ATUAL" type="TIMESTAMP" isMandatory="true" length="7"/>
		<db-attribute name="IND_SIT_TITULAR" type="INTEGER" isMandatory="true" length="1"/>
		<db-attribute name="NOM_SIT_FUNC" type="VARCHAR" isMandatory="true" length="50"/>
		<db-attribute name="SGL_SIT_FUNC" type="VARCHAR" isMandatory="true" length="3"/>
	</db-entity>
	<db-entity name="TABELA" schema="ADMTREMAISSAUDE">
		<db-attribute name="COD_TABELA" type="INTEGER" isPrimaryKey="true" isMandatory="true" length="3"/>
		<db-attribute name="DAT_ULT_ATUAL" type="TIMESTAMP" isMandatory="true" length="7"/>
		<db-attribute name="NOM_TABELA" type="VARCHAR" isMandatory="true" length="30"/>
		<db-attribute name="TIP_MEDICA" type="INTEGER" isMandatory="true" length="1"/>
		<db-attribute name="TIP_ODONTO" type="INTEGER" isMandatory="true" length="1"/>
		<db-attribute name="TIP_TABELA" type="VARCHAR" isMandatory="true" length="1"/>
	</db-entity>
	<db-entity name="TIPO_DEPENDENTE" schema="ADMTREMAISSAUDE">
		<db-attribute name="CLASSIFICACAO" type="CHAR" isMandatory="true" length="1"/>
		<db-attribute name="COD_TIPO_DEPEND" type="INTEGER" isPrimaryKey="true" isMandatory="true" length="3"/>
		<db-attribute name="NOM_TIPO_DEPEND" type="VARCHAR" isMandatory="true" length="20"/>
		<db-attribute name="PERCENTUAL" type="DECIMAL" isMandatory="true" length="5" scale="2"/>
	</db-entity>
	<db-entity name="TIPO_GUIA" schema="ADMTREMAISSAUDE">
		<db-attribute name="CLASSIFICACAO" type="CHAR" isMandatory="true" length="1"/>
		<db-attribute name="COD_TIP_GUIA" type="INTEGER" isPrimaryKey="true" isMandatory="true" length="10"/>
		<db-attribute name="CUSTEIO" type="FLOAT" length="15"/>
		<db-attribute name="DAT_FIM" type="TIMESTAMP" length="7"/>
		<db-attribute name="DAT_INICIO" type="TIMESTAMP" length="7"/>
		<db-attribute name="DES_TIP_GUIA" type="VARCHAR" length="40"/>
	</db-entity>
	<db-entity name="USUARIO" schema="ADMTREMAISSAUDE">
		<db-attribute name="COD_PERFIL" type="INTEGER" isMandatory="true" length="1"/>
		<db-attribute name="DES_FUNCAO" type="VARCHAR" isMandatory="true" length="50"/>
		<db-attribute name="NOME" type="VARCHAR" isMandatory="true" length="35"/>
		<db-attribute name="SENHA" type="VARCHAR" isMandatory="true" length="8"/>
		<db-attribute name="USERNAME" type="VARCHAR" isPrimaryKey="true" isMandatory="true" length="15"/>
	</db-entity>
	<db-entity name="USUARIO_AUTORIZADO" schema="ADMTREMAISSAUDE">
		<db-attribute name="BLOQUEADO" type="INTEGER" isMandatory="true" length="1"/>
		<db-attribute name="COD_CREDENCIADO" type="INTEGER" isMandatory="true" length="22"/>
		<db-attribute name="COD_USUARIO" type="VARCHAR" isPrimaryKey="true" isMandatory="true" length="20"/>
		<db-attribute name="COD_USUARIO_LOGIN" type="VARCHAR" length="20"/>
		<db-attribute name="DAT_ULT_ATUAL" type="TIMESTAMP" isMandatory="true" length="7"/>
		<db-attribute name="NOM_USUARIO" type="VARCHAR" isMandatory="true" length="70"/>
		<db-attribute name="PERFIL" type="CHAR" isMandatory="true" length="4"/>
		<db-attribute name="SENHA_MD5" type="VARCHAR" isMandatory="true" length="32"/>
		<db-attribute name="SENHA_MD5_LOGIN" type="VARCHAR" length="32"/>
	</db-entity>
	<obj-entity name="Beneficiario" className="br.gov.tredf.tresaudeAdm.bean.Beneficiario" dbEntityName="BENEFICIARIO">
		<obj-attribute name="carencia" type="java.lang.String" db-attribute-path="CARENCIA"/>
		<obj-attribute name="codDepend" type="java.lang.Integer" db-attribute-path="COD_DEPEND"/>
		<obj-attribute name="codSitFunc" type="java.lang.Integer" db-attribute-path="COD_SIT_FUNC"/>
		<obj-attribute name="codTipoDepend" type="java.lang.Integer" db-attribute-path="COD_TIPO_DEPEND"/>
		<obj-attribute name="datCarencia" type="java.util.Date" db-attribute-path="DAT_CARENCIA"/>
		<obj-attribute name="datFim" type="java.util.Date" db-attribute-path="DAT_FIM"/>
		<obj-attribute name="datInicio" type="java.util.Date" db-attribute-path="DAT_INICIO"/>
		<obj-attribute name="datNasc" type="java.util.Date" db-attribute-path="DAT_NASC"/>
		<obj-attribute name="datUltAtual" type="java.util.Date" db-attribute-path="DAT_ULT_ATUAL"/>
		<obj-attribute name="eMail" type="java.lang.String" db-attribute-path="E_MAIL"/>
		<obj-attribute name="excluido" type="java.lang.String" db-attribute-path="EXCLUIDO"/>
		<obj-attribute name="funcao" type="java.lang.String" db-attribute-path="FUNCAO"/>
		<obj-attribute name="matServidor" type="java.lang.String" db-attribute-path="MAT_SERVIDOR"/>
		<obj-attribute name="nome" type="java.lang.String" db-attribute-path="NOME"/>
		<obj-attribute name="saldo" type="java.lang.Double" db-attribute-path="SALDO"/>
		<obj-attribute name="sexo" type="java.lang.String" db-attribute-path="SEXO"/>
		<obj-attribute name="suspenso" type="java.lang.String" db-attribute-path="SUSPENSO"/>
		<obj-attribute name="uf" type="java.lang.String" db-attribute-path="UF"/>
	</obj-entity>
	<obj-entity name="Credenciado" className="br.gov.tredf.tresaudeAdm.bean.Credenciado" dbEntityName="CREDENCIADO">
		<obj-attribute name="contratoRevogado" type="java.lang.Boolean" db-attribute-path="CONTRATO_REVOGADO"/>
		<obj-attribute name="datSaida" type="java.util.Date" db-attribute-path="DAT_SAIDA"/>
		<obj-attribute name="datUltAtual" type="java.util.Date" db-attribute-path="DAT_ULT_ATUAL"/>
		<obj-attribute name="datValidadeContrato" type="java.util.Date" db-attribute-path="DAT_VALIDADE_CONTRATO"/>
		<obj-attribute name="numContrato" type="java.lang.String" db-attribute-path="NUM_CONTRATO"/>
	</obj-entity>
	<obj-entity name="CredenciadoAutorizado" className="br.gov.tredf.tresaudeAdm.bean.CredenciadoAutorizado" dbEntityName="CREDENCIADO_AUTORIZADO">
		<obj-attribute name="bloqueado" type="java.lang.Boolean" db-attribute-path="BLOQUEADO"/>
		<obj-attribute name="codCredenciadoLogin" type="java.lang.Integer" db-attribute-path="COD_CREDENCIADO_LOGIN"/>
		<obj-attribute name="datUltAtual" type="java.util.Date" db-attribute-path="DAT_ULT_ATUAL"/>
		<obj-attribute name="perfil" type="java.lang.String" db-attribute-path="PERFIL"/>
		<obj-attribute name="senhaMd5" type="java.lang.String" db-attribute-path="SENHA_MD5"/>
		<obj-attribute name="senhaMd5Login" type="java.lang.String" db-attribute-path="SENHA_MD5_LOGIN"/>
	</obj-entity>
	<obj-entity name="Especialidade" className="br.gov.tredf.tresaudeAdm.bean.Especialidade" dbEntityName="ESPECIALIDADE">
		<obj-attribute name="nomEspecialidade" type="java.lang.String" db-attribute-path="NOM_ESPECIALIDADE"/>
		<obj-attribute name="tipEspecialidade" type="java.lang.String" db-attribute-path="TIP_ESPECIALIDADE"/>
	</obj-entity>
	<obj-entity name="Guia" className="br.gov.tredf.tresaudeAdm.bean.Guia" dbEntityName="GUIA">
		<obj-attribute name="anoExercicio" type="java.lang.String" db-attribute-path="ANO_EXERCICIO"/>
		<obj-attribute name="codAuxiliar" type="java.lang.Integer" db-attribute-path="COD_AUXILIAR"/>
		<obj-attribute name="codDepend" type="java.lang.Integer" db-attribute-path="COD_DEPEND"/>
		<obj-attribute name="codTipoGuia" type="java.lang.Integer" db-attribute-path="COD_TIP_GUIA"/>
		<obj-attribute name="custeio" type="java.lang.Double" db-attribute-path="CUSTEIO"/>
		<obj-attribute name="datEmissao" type="java.util.Date" db-attribute-path="DAT_EMISSAO"/>
		<obj-attribute name="datFatura" type="java.util.Date" db-attribute-path="DAT_FATURA"/>
		<obj-attribute name="dataAutorizacaoTre" type="java.util.Date" db-attribute-path="DATA_AUTORIZACAO_TRE"/>
		<obj-attribute name="dataSolicitacaoWeb" type="java.util.Date" db-attribute-path="DATA_SOLICITACAO_WEB"/>
		<obj-attribute name="funcao" type="java.lang.String" db-attribute-path="FUNCAO"/>
		<obj-attribute name="indApartamento" type="java.lang.Boolean" db-attribute-path="IND_APARTAMENTO"/>
		<obj-attribute name="indDespesaHospitalar" type="java.lang.Boolean" db-attribute-path="IND_DESPESA_HOSPITALAR"/>
		<obj-attribute name="indInternacao" type="java.lang.Boolean" db-attribute-path="IND_INTERNACAO"/>
		<obj-attribute name="indPagAtend" type="java.lang.Boolean" db-attribute-path="IND_PAG_ATEND"/>
		<obj-attribute name="indUrgencia" type="java.lang.Boolean" db-attribute-path="IND_URGENCIA"/>
		<obj-attribute name="justificativa" type="java.lang.String" db-attribute-path="JUSTIFICATIVA"/>
		<obj-attribute name="matServidor" type="java.lang.String" db-attribute-path="MAT_SERVIDOR"/>
		<obj-attribute name="matServidorAutoriza" type="java.lang.String" db-attribute-path="MAT_SERVIDOR_AUTORIZA"/>
		<obj-attribute name="numFatura" type="java.lang.String" db-attribute-path="NUM_FATURA"/>
		<obj-attribute name="numGuia" type="java.lang.Integer" db-attribute-path="NUM_GUIA"/>
		<obj-attribute name="obsDespesa" type="java.lang.String" db-attribute-path="OBS_DESPESA"/>
		<obj-attribute name="total" type="java.lang.Double" db-attribute-path="TOTAL"/>
		<obj-attribute name="totalFaturado" type="java.lang.Double" db-attribute-path="TOTAL_FATURADO"/>
	</obj-entity>
	<obj-entity name="GuiaProcedimento" className="br.gov.tredf.tresaudeAdm.bean.GuiaProcedimento" dbEntityName="GUIA_PROCEDIMENTO">
		<obj-attribute name="anoExercicio" type="java.lang.String" db-attribute-path="ANO_EXERCICIO"/>
		<obj-attribute name="codProcedimento" type="java.lang.String" db-attribute-path="COD_PROCEDIMENTO"/>
		<obj-attribute name="codTabela" type="java.lang.Integer" db-attribute-path="COD_TABELA"/>
		<obj-attribute name="codTipGuia" type="java.lang.Integer" db-attribute-path="COD_TIP_GUIA"/>
		<obj-attribute name="numGuia" type="java.lang.Integer" db-attribute-path="NUM_GUIA"/>
		<obj-attribute name="qtde" type="java.lang.Integer" db-attribute-path="QTDE"/>
		<obj-attribute name="valor" type="java.lang.Float" db-attribute-path="VALOR"/>
		<obj-attribute name="valorcalc" type="java.lang.Float" db-attribute-path="VALORCALC"/>
		<obj-attribute name="viaAcesso" type="java.lang.Integer" db-attribute-path="VIA_ACESSO"/>
		<obj-attribute name="video" type="java.lang.Integer" db-attribute-path="VIDEO"/>
	</obj-entity>
	<obj-entity name="Instituicao" className="br.gov.tredf.tresaudeAdm.bean.Instituicao" dbEntityName="INSTITUICAO">
		<obj-attribute name="cd" type="java.lang.String" db-attribute-path="CD"/>
		<obj-attribute name="cdBco" type="java.lang.String" db-attribute-path="CD_BCO"/>
		<obj-attribute name="cgcCpf" type="java.lang.String" db-attribute-path="CGC_CPF"/>
		<obj-attribute name="datUltAtual" type="java.util.Date" db-attribute-path="DAT_ULT_ATUAL"/>
		<obj-attribute name="desEndereco" type="java.lang.String" db-attribute-path="DES_ENDERECO"/>
		<obj-attribute name="email" type="java.lang.String" db-attribute-path="EMAIL"/>
		<obj-attribute name="nomCidade" type="java.lang.String" db-attribute-path="NOM_CIDADE"/>
		<obj-attribute name="nomInstituicao" type="java.lang.String" db-attribute-path="NOM_INSTITUICAO"/>
		<obj-attribute name="numCep" type="java.lang.String" db-attribute-path="NUM_CEP"/>
		<obj-attribute name="numContaCorrente" type="java.lang.String" db-attribute-path="NUM_CONTA_CORRENTE"/>
		<obj-attribute name="numFax" type="java.lang.String" db-attribute-path="NUM_FAX"/>
		<obj-attribute name="numTel1" type="java.lang.String" db-attribute-path="NUM_TEL1"/>
		<obj-attribute name="numTel2" type="java.lang.String" db-attribute-path="NUM_TEL2"/>
		<obj-attribute name="sglInstituicao" type="java.lang.String" db-attribute-path="SGL_INSTITUICAO"/>
		<obj-attribute name="sglUf" type="java.lang.String" db-attribute-path="SGL_UF"/>
		<obj-attribute name="tipMedica" type="java.lang.Integer" db-attribute-path="TIP_MEDICA"/>
		<obj-attribute name="tipOdonto" type="java.lang.Integer" db-attribute-path="TIP_ODONTO"/>
	</obj-entity>
	<obj-entity name="OrigemGuia" className="br.gov.tredf.tresaudeAdm.bean.OrigemGuia" dbEntityName="ORIGEM_GUIA">
		<obj-attribute name="nomOrigemGuia" type="java.lang.String" db-attribute-path="NOM_ORIGEM_GUIA"/>
	</obj-entity>
	<obj-entity name="Parametros" className="br.gov.tredf.tresaudeAdm.bean.Parametros" dbEntityName="PARAMETROS">
		<obj-attribute name="datLimiteReembolso" type="java.lang.String" db-attribute-path="DAT_LIMITE_REEMBOLSO"/>
		<obj-attribute name="datLimiteRequisitado" type="java.lang.String" db-attribute-path="DAT_LIMITE_REQUISITADO"/>
		<obj-attribute name="exercicioVirgente" type="java.lang.Integer" db-attribute-path="EXERCICIO_VIRGENTE"/>
		<obj-attribute name="prazoApresFatura" type="java.lang.Integer" db-attribute-path="PRAZO_APRES_FATURA"/>
		<obj-attribute name="prazoCadastro" type="java.lang.Integer" db-attribute-path="PRAZO_CADASTRO"/>
		<obj-attribute name="prazoPagtoFatura" type="java.lang.Integer" db-attribute-path="PRAZO_PAGTO_FATURA"/>
	</obj-entity>
	<obj-entity name="Procedimento" className="br.gov.tredf.tresaudeAdm.bean.Procedimento" dbEntityName="PROCEDIMENTO">
		<obj-attribute name="codEspecialidade" type="java.lang.Integer" db-attribute-path="COD_ESPECIALIDADE"/>
		<obj-attribute name="codPorte" type="java.lang.Integer" db-attribute-path="COD_PORTE"/>
		<obj-attribute name="consulta" type="java.lang.Integer" db-attribute-path="CONSULTA"/>
		<obj-attribute name="detalhaProced" type="java.lang.Integer" db-attribute-path="DETALHA_PROCED"/>
		<obj-attribute name="indExcecao" type="java.lang.Integer" db-attribute-path="IND_EXCECAO"/>
		<obj-attribute name="nomProcedimento" type="java.lang.String" db-attribute-path="NOM_PROCEDIMENTO"/>
		<obj-attribute name="procedimentoAtivo" type="java.lang.Integer" db-attribute-path="PROCEDIMENTO_ATIVO"/>
		<obj-attribute name="qtdAuxiliar" type="java.lang.Integer" db-attribute-path="QTD_AUXILIAR"/>
		<obj-attribute name="requerAutorizacao" type="java.lang.Integer" db-attribute-path="REQUER_AUTORIZACAO"/>
		<obj-attribute name="requerEspecialidade" type="java.lang.Integer" db-attribute-path="REQUER_ESPECIALIDADE"/>
		<obj-attribute name="valorProcedimento" type="java.lang.Double" db-attribute-path="VALOR_PROCEDIMENTO"/>
	</obj-entity>
	<obj-entity name="ProcedimentoAutorizado" className="br.gov.tredf.tresaudeAdm.bean.ProcedimentoAutorizado" dbEntityName="PROCEDIMENTO_AUTORIZADO">
		<obj-attribute name="datUltAtual" type="java.util.Date" db-attribute-path="DAT_ULT_ATUAL"/>
	</obj-entity>
	<obj-entity name="Situacao" className="br.gov.tredf.tresaudeAdm.bean.Situacao" dbEntityName="SITUACAO">
		<obj-attribute name="nomSituacao" type="java.lang.String" db-attribute-path="NOM_SITUACAO"/>
	</obj-entity>
	<obj-entity name="SituacaoFuncional" className="br.gov.tredf.tresaudeAdm.bean.SituacaoFuncional" dbEntityName="SITUACAO_FUNCIONAL">
		<obj-attribute name="datUltAtual" type="java.util.Date" db-attribute-path="DAT_ULT_ATUAL"/>
		<obj-attribute name="indSitTitular" type="java.lang.Integer" db-attribute-path="IND_SIT_TITULAR"/>
		<obj-attribute name="nomSitFunc" type="java.lang.String" db-attribute-path="NOM_SIT_FUNC"/>
		<obj-attribute name="sglSitFunc" type="java.lang.String" db-attribute-path="SGL_SIT_FUNC"/>
	</obj-entity>
	<obj-entity name="Tabela" className="br.gov.tredf.tresaudeAdm.bean.Tabela" dbEntityName="TABELA">
		<obj-attribute name="datUltAtual" type="java.util.Date" db-attribute-path="DAT_ULT_ATUAL"/>
		<obj-attribute name="nomTabela" type="java.lang.String" db-attribute-path="NOM_TABELA"/>
		<obj-attribute name="tipMedica" type="java.lang.Integer" db-attribute-path="TIP_MEDICA"/>
		<obj-attribute name="tipOdonto" type="java.lang.Integer" db-attribute-path="TIP_ODONTO"/>
		<obj-attribute name="tipTabela" type="java.lang.String" db-attribute-path="TIP_TABELA"/>
	</obj-entity>
	<obj-entity name="TipoDependente" className="br.gov.tredf.tresaudeAdm.bean.TipoDependente" dbEntityName="TIPO_DEPENDENTE">
		<obj-attribute name="classificacao" type="java.lang.String" db-attribute-path="CLASSIFICACAO"/>
		<obj-attribute name="nomTipoDepend" type="java.lang.String" db-attribute-path="NOM_TIPO_DEPEND"/>
		<obj-attribute name="percentual" type="java.math.BigDecimal" db-attribute-path="PERCENTUAL"/>
	</obj-entity>
	<obj-entity name="TipoGuia" className="br.gov.tredf.tresaudeAdm.bean.TipoGuia" dbEntityName="TIPO_GUIA">
		<obj-attribute name="classificacao" type="java.lang.String" db-attribute-path="CLASSIFICACAO"/>
		<obj-attribute name="custeio" type="java.lang.Double" db-attribute-path="CUSTEIO"/>
		<obj-attribute name="datFim" type="java.util.Date" db-attribute-path="DAT_FIM"/>
		<obj-attribute name="datInicio" type="java.util.Date" db-attribute-path="DAT_INICIO"/>
		<obj-attribute name="desTipGuia" type="java.lang.String" db-attribute-path="DES_TIP_GUIA"/>
	</obj-entity>
	<obj-entity name="Usuario" className="br.gov.tredf.tresaudeAdm.bean.Usuario" dbEntityName="USUARIO">
		<obj-attribute name="codPerfil" type="java.lang.Integer" db-attribute-path="COD_PERFIL"/>
		<obj-attribute name="desFuncao" type="java.lang.String" db-attribute-path="DES_FUNCAO"/>
		<obj-attribute name="nome" type="java.lang.String" db-attribute-path="NOME"/>
		<obj-attribute name="senha" type="java.lang.String" db-attribute-path="SENHA"/>
	</obj-entity>
	<obj-entity name="UsuarioAutorizado" className="br.gov.tredf.tresaudeAdm.bean.UsuarioAutorizado" dbEntityName="USUARIO_AUTORIZADO">
		<obj-attribute name="bloqueado" type="java.lang.Boolean" db-attribute-path="BLOQUEADO"/>
		<obj-attribute name="codUsuario" type="java.lang.String" db-attribute-path="COD_USUARIO"/>
		<obj-attribute name="codUsuarioLogin" type="java.lang.String" db-attribute-path="COD_USUARIO_LOGIN"/>
		<obj-attribute name="datUltAtual" type="java.util.Date" db-attribute-path="DAT_ULT_ATUAL"/>
		<obj-attribute name="nomUsuario" type="java.lang.String" db-attribute-path="NOM_USUARIO"/>
		<obj-attribute name="perfil" type="java.lang.String" db-attribute-path="PERFIL"/>
		<obj-attribute name="senhaMd5" type="java.lang.String" db-attribute-path="SENHA_MD5"/>
		<obj-attribute name="senhaMd5Login" type="java.lang.String" db-attribute-path="SENHA_MD5_LOGIN"/>
	</obj-entity>
	<db-relationship name="toSituacaoFuncional" source="BENEFICIARIO" target="SITUACAO_FUNCIONAL" toMany="false">
		<db-attribute-pair source="COD_SIT_FUNC" target="COD_SIT_FUNC"/>
	</db-relationship>
	<db-relationship name="toTipoDependente" source="BENEFICIARIO" target="TIPO_DEPENDENTE" toMany="false">
		<db-attribute-pair source="COD_TIPO_DEPEND" target="COD_TIPO_DEPEND"/>
	</db-relationship>
	<db-relationship name="guiaArray" source="CREDENCIADO" target="GUIA" toMany="true">
		<db-attribute-pair source="COD_CREDENCIADO" target="COD_CREDENCIADO"/>
	</db-relationship>
	<db-relationship name="toCredenciadoAutorizado" source="CREDENCIADO" target="CREDENCIADO_AUTORIZADO" toDependentPK="true" toMany="false">
		<db-attribute-pair source="COD_CREDENCIADO" target="COD_CREDENCIADO"/>
	</db-relationship>
	<db-relationship name="toInstituicao" source="CREDENCIADO" target="INSTITUICAO" toMany="false">
		<db-attribute-pair source="COD_INSTITUICAO" target="COD_INSTITUICAO"/>
	</db-relationship>
	<db-relationship name="toTabela" source="CREDENCIADO" target="TABELA" toMany="false">
		<db-attribute-pair source="COD_TABELA" target="COD_TABELA"/>
	</db-relationship>
	<db-relationship name="toCredenciado" source="CREDENCIADO_AUTORIZADO" target="CREDENCIADO" toMany="false">
		<db-attribute-pair source="COD_CREDENCIADO" target="COD_CREDENCIADO"/>
	</db-relationship>
	<db-relationship name="usuarioAutorizadoArray" source="CREDENCIADO_AUTORIZADO" target="USUARIO_AUTORIZADO" toMany="true">
		<db-attribute-pair source="COD_CREDENCIADO" target="COD_CREDENCIADO"/>
	</db-relationship>
	<db-relationship name="guiaArray" source="ESPECIALIDADE" target="GUIA" toMany="true">
		<db-attribute-pair source="COD_ESPECIALIDADE" target="COD_ESPECIALIDADE"/>
	</db-relationship>
	<db-relationship name="guiaProcedimentoArray" source="GUIA" target="GUIA_PROCEDIMENTO" toMany="true">
	</db-relationship>
	<db-relationship name="toCredenciado" source="GUIA" target="CREDENCIADO" toMany="false">
		<db-attribute-pair source="COD_CREDENCIADO" target="COD_CREDENCIADO"/>
	</db-relationship>
	<db-relationship name="toEspecialidade" source="GUIA" target="ESPECIALIDADE" toMany="false">
		<db-attribute-pair source="COD_ESPECIALIDADE" target="COD_ESPECIALIDADE"/>
	</db-relationship>
	<db-relationship name="toOrigemGuia" source="GUIA" target="ORIGEM_GUIA" toMany="false">
		<db-attribute-pair source="COD_ORIGEM_GUIA" target="COD_ORIGEM_GUIA"/>
	</db-relationship>
	<db-relationship name="toSituacao" source="GUIA" target="SITUACAO" toMany="false">
		<db-attribute-pair source="COD_SITUACAO" target="COD_SITUACAO"/>
	</db-relationship>
	<db-relationship name="toSituacaoFuncional" source="GUIA" target="SITUACAO_FUNCIONAL" toMany="false">
		<db-attribute-pair source="COD_SIT_FUNC_TITULAR" target="COD_SIT_FUNC"/>
	</db-relationship>
	<db-relationship name="toTipoGuia" source="GUIA" target="TIPO_GUIA" toMany="false">
		<db-attribute-pair source="COD_TIP_GUIA" target="COD_TIP_GUIA"/>
	</db-relationship>
	<db-relationship name="toUsuarioAutorizado" source="GUIA" target="USUARIO_AUTORIZADO" toMany="false">
		<db-attribute-pair source="COD_USUARIO_AUTORIZA" target="COD_USUARIO"/>
	</db-relationship>
	<db-relationship name="toUsuarioAutorizadoSolicita" source="GUIA" target="USUARIO_AUTORIZADO" toMany="false">
		<db-attribute-pair source="COD_USUARIO_SOLICITACAO_WEB" target="COD_USUARIO"/>
	</db-relationship>
	<db-relationship name="toUsuarioAutorizadoTRE" source="GUIA" target="USUARIO" toMany="false">
		<db-attribute-pair source="USUARIO_AUTORIZACAO_TRE" target="USERNAME"/>
	</db-relationship>
	<db-relationship name="toGuia" source="GUIA_PROCEDIMENTO" target="GUIA" toMany="false">
	</db-relationship>
	<db-relationship name="toProcedimento" source="GUIA_PROCEDIMENTO" target="PROCEDIMENTO" toMany="false">
	</db-relationship>
	<db-relationship name="credenciadoArray" source="INSTITUICAO" target="CREDENCIADO" toMany="true">
		<db-attribute-pair source="COD_INSTITUICAO" target="COD_INSTITUICAO"/>
	</db-relationship>
	<db-relationship name="guiaArray" source="ORIGEM_GUIA" target="GUIA" toMany="true">
		<db-attribute-pair source="COD_ORIGEM_GUIA" target="COD_ORIGEM_GUIA"/>
	</db-relationship>
	<db-relationship name="guiaProcedimentoArray" source="PROCEDIMENTO" target="GUIA_PROCEDIMENTO" toMany="true">
	</db-relationship>
	<db-relationship name="toProcedimentoAutorizado" source="PROCEDIMENTO" target="PROCEDIMENTO_AUTORIZADO" toMany="false">
	</db-relationship>
	<db-relationship name="toTabela" source="PROCEDIMENTO" target="TABELA" toMany="false">
	</db-relationship>
	<db-relationship name="toProcedimento" source="PROCEDIMENTO_AUTORIZADO" target="PROCEDIMENTO" toMany="false">
	</db-relationship>
	<db-relationship name="guiaArray" source="SITUACAO" target="GUIA" toMany="true">
		<db-attribute-pair source="COD_SITUACAO" target="COD_SITUACAO"/>
	</db-relationship>
	<db-relationship name="beneficiarioArray" source="SITUACAO_FUNCIONAL" target="BENEFICIARIO" toMany="true">
		<db-attribute-pair source="COD_SIT_FUNC" target="COD_SIT_FUNC"/>
	</db-relationship>
	<db-relationship name="guiaArray" source="SITUACAO_FUNCIONAL" target="GUIA" toMany="true">
		<db-attribute-pair source="COD_SIT_FUNC" target="COD_SIT_FUNC_TITULAR"/>
	</db-relationship>
	<db-relationship name="credenciadoArray" source="TABELA" target="CREDENCIADO" toMany="true">
		<db-attribute-pair source="COD_TABELA" target="COD_TABELA"/>
	</db-relationship>
	<db-relationship name="procedimentoArray" source="TABELA" target="PROCEDIMENTO" toMany="true">
	</db-relationship>
	<db-relationship name="beneficiarioArray" source="TIPO_DEPENDENTE" target="BENEFICIARIO" toMany="true">
		<db-attribute-pair source="COD_TIPO_DEPEND" target="COD_TIPO_DEPEND"/>
	</db-relationship>
	<db-relationship name="guiaArray" source="TIPO_GUIA" target="GUIA" toMany="true">
		<db-attribute-pair source="COD_TIP_GUIA" target="COD_TIP_GUIA"/>
	</db-relationship>
	<db-relationship name="guiaArray" source="USUARIO" target="GUIA" toMany="true">
		<db-attribute-pair source="USERNAME" target="USUARIO_AUTORIZACAO_TRE"/>
	</db-relationship>
	<db-relationship name="guiaArray" source="USUARIO_AUTORIZADO" target="GUIA" toMany="true">
		<db-attribute-pair source="COD_USUARIO" target="COD_USUARIO_AUTORIZA"/>
	</db-relationship>
	<db-relationship name="toCredenciadoAutorizado" source="USUARIO_AUTORIZADO" target="CREDENCIADO_AUTORIZADO" toMany="false">
		<db-attribute-pair source="COD_CREDENCIADO" target="COD_CREDENCIADO"/>
	</db-relationship>
	<db-relationship name="usuarioAutorizado" source="USUARIO_AUTORIZADO" target="GUIA" toMany="true">
		<db-attribute-pair source="COD_USUARIO" target="COD_USUARIO_SOLICITACAO_WEB"/>
	</db-relationship>
	<obj-relationship name="toSituacaoFuncional" source="Beneficiario" target="SituacaoFuncional" db-relationship-path="toSituacaoFuncional"/>
	<obj-relationship name="toTipoDependente" source="Beneficiario" target="TipoDependente" db-relationship-path="toTipoDependente"/>
	<obj-relationship name="guiaArray" source="Credenciado" target="Guia" db-relationship-path="guiaArray"/>
	<obj-relationship name="toCredenciadoAutorizado" source="Credenciado" target="CredenciadoAutorizado" db-relationship-path="toCredenciadoAutorizado"/>
	<obj-relationship name="toInstituicao" source="Credenciado" target="Instituicao" db-relationship-path="toInstituicao"/>
	<obj-relationship name="toTabela" source="Credenciado" target="Tabela" db-relationship-path="toTabela"/>
	<obj-relationship name="toCredenciado" source="CredenciadoAutorizado" target="Credenciado" db-relationship-path="toCredenciado"/>
	<obj-relationship name="usuarioAutorizadoArray" source="CredenciadoAutorizado" target="UsuarioAutorizado" db-relationship-path="usuarioAutorizadoArray"/>
	<obj-relationship name="guiaProcedimentoArray" source="Guia" target="GuiaProcedimento" db-relationship-path="guiaProcedimentoArray"/>
	<obj-relationship name="toCredenciado" source="Guia" target="Credenciado" db-relationship-path="toCredenciado"/>
	<obj-relationship name="toEspecialidade" source="Guia" target="Especialidade" db-relationship-path="toEspecialidade"/>
	<obj-relationship name="toOrigemGuia" source="Guia" target="OrigemGuia" db-relationship-path="toOrigemGuia"/>
	<obj-relationship name="toSituacao" source="Guia" target="Situacao" db-relationship-path="toSituacao"/>
	<obj-relationship name="toSituacaoFuncional" source="Guia" target="SituacaoFuncional" db-relationship-path="toSituacaoFuncional"/>
	<obj-relationship name="toTipoGuia" source="Guia" target="TipoGuia" db-relationship-path="toTipoGuia"/>
	<obj-relationship name="toUsuarioAutorizacaoTRE" source="Guia" target="Usuario" db-relationship-path="toUsuarioAutorizadoTRE"/>
	<obj-relationship name="toUsuarioAutorizado" source="Guia" target="UsuarioAutorizado" db-relationship-path="toUsuarioAutorizado"/>
	<obj-relationship name="toUsuarioAutorizadoSolicita" source="Guia" target="UsuarioAutorizado" db-relationship-path="toUsuarioAutorizadoSolicita"/>
	<obj-relationship name="toGuia" source="GuiaProcedimento" target="Guia" db-relationship-path="toGuia"/>
	<obj-relationship name="toProcedimento" source="GuiaProcedimento" target="Procedimento" db-relationship-path="toProcedimento"/>
	<obj-relationship name="credenciadoArray" source="Instituicao" target="Credenciado" db-relationship-path="credenciadoArray"/>
	<obj-relationship name="guiaProcedimentoArray" source="Procedimento" target="GuiaProcedimento" db-relationship-path="guiaProcedimentoArray"/>
	<obj-relationship name="toProcedimentoAutorizado" source="Procedimento" target="ProcedimentoAutorizado" db-relationship-path="toProcedimentoAutorizado"/>
	<obj-relationship name="toTabela" source="Procedimento" target="Tabela" db-relationship-path="toTabela"/>
	<obj-relationship name="toProcedimento" source="ProcedimentoAutorizado" target="Procedimento" db-relationship-path="toProcedimento"/>
	<obj-relationship name="credenciadoArray" source="Tabela" target="Credenciado" db-relationship-path="credenciadoArray"/>
	<obj-relationship name="procedimentoArray" source="Tabela" target="Procedimento" db-relationship-path="procedimentoArray"/>
	<obj-relationship name="guiaArray" source="Usuario" target="Guia"/>
	<obj-relationship name="guiaArray" source="UsuarioAutorizado" target="Guia" db-relationship-path="guiaArray"/>
	<obj-relationship name="toCredenciadoAutorizado" source="UsuarioAutorizado" target="CredenciadoAutorizado" db-relationship-path="toCredenciadoAutorizado"/>
	<obj-relationship name="untitledRel" source="UsuarioAutorizado" target="Guia" db-relationship-path="usuarioAutorizado"/>
</data-map>
